{"cameraMode":{"drawMode":0,"name":"Shaded","section":"Shading Mode"},"sceneLighting":false,"audioPlay":false,"sceneViewState":{"m_AlwaysRefresh":false,"showFog":true,"showSkybox":false,"showFlares":true,"showImageEffects":true,"showParticleSystems":true,"showVisualEffectGraphs":true,"m_FxEnabled":true},"in2DMode":false,"pivot":{"x":-2.029059410095215,"y":7.493657112121582,"z":0.08714103698730469},"rotation":{"x":0.23122435808181764,"y":0.21471738815307618,"z":-0.05266716703772545,"w":0.9475764632225037},"size":10.32876205444336,"orthographic":false}