{"cameraMode":{"drawMode":0,"name":"Shaded","section":"Shading Mode"},"sceneLighting":true,"audioPlay":false,"sceneViewState":{"m_AlwaysRefresh":false,"showFog":true,"showSkybox":true,"showFlares":true,"showImageEffects":true,"showParticleSystems":true,"showVisualEffectGraphs":true,"m_FxEnabled":true},"in2DMode":false,"pivot":{"x":109.87693786621094,"y":24.079814910888673,"z":63.77249526977539},"rotation":{"x":-0.009285933338105679,"y":0.9566198587417603,"z":0.030724478885531427,"w":0.28962013125419619},"size":7.478192329406738,"orthographic":false}